transcript_id,,,,,,,,transcript_position,n_reads,probability_modified,kmer,mod_ratio
ENST00000344843.11,ENSG00000242485.5,OTTHUMG00000002916.3,OTTHUMT00000008139.1,MRPL20-201,MRPL20,721,protein_coding,548,25,0.9882286,GGACT,0.8
ENST00000196061.4,ENSG00000083444.16,OTTHUMG00000002393.4,OTTHUMT00000006865.1,PLOD1-201,PLOD1,2940,protein_coding,2538,23,0.9470526,AGACT,0.6956521739130435
ENST00000196061.4,ENSG00000083444.16,OTTHUMG00000002393.4,OTTHUMT00000006865.1,PLOD1-201,PLOD1,2940,protein_coding,2578,21,0.9968351,AGACT,0.8571428571428571
ENST00000196061.4,ENSG00000083444.16,OTTHUMG00000002393.4,OTTHUMT00000006865.1,PLOD1-201,PLOD1,2940,protein_coding,2637,24,0.9614754,GGACT,0.7916666666666666
ENST00000196061.4,ENSG00000083444.16,OTTHUMG00000002393.4,OTTHUMT00000006865.1,PLOD1-201,PLOD1,2940,protein_coding,2703,24,0.9878856,GGACT,0.9166666666666666
ENST00000339276.5,ENSG00000175793.11,OTTHUMG00000004093.1,OTTHUMT00000011709.1,SFN-201,SFN,1320,protein_coding,598,242,0.94419366,GAACT,0.6115702479338843
ENST00000339276.5,ENSG00000175793.11,OTTHUMG00000004093.1,OTTHUMT00000011709.1,SFN-201,SFN,1320,protein_coding,952,340,0.9704348,GGACT,0.7911764705882353
ENST00000339276.5,ENSG00000175793.11,OTTHUMG00000004093.1,OTTHUMT00000011709.1,SFN-201,SFN,1320,protein_coding,1170,320,0.95018876,GGACA,0.621875
ENST00000329421.7,ENSG00000175130.6,OTTHUMG00000007589.3,OTTHUMT00000020059.3,MARCKSL1-201,MARCKSL1,1699,protein_coding,972,21,0.909911,AAACT,0.7142857142857143
ENST00000262746.5,ENSG00000117450.13,OTTHUMG00000007738.6,-,PRDX1-201,PRDX1,1234,protein_coding,1212,20,0.90297496,GAACT,0.55
ENST00000294338.6,ENSG00000162366.7,OTTHUMG00000007852.3,OTTHUMT00000021655.1,PDZK1IP1-201,PDZK1IP1,846,protein_coding,713,36,0.9077838,GGACA,0.2777777777777778
ENST00000371225.3,ENSG00000184292.6,OTTHUMG00000010067.1,OTTHUMT00000027818.1,TACSTD2-201,TACSTD2,2351,protein_coding,1555,29,0.9349748,GAACT,0.7931034482758621
ENST00000371225.3,ENSG00000184292.6,OTTHUMG00000010067.1,OTTHUMT00000027818.1,TACSTD2-201,TACSTD2,2351,protein_coding,1841,42,0.93331593,TGACT,0.5
ENST00000371225.3,ENSG00000184292.6,OTTHUMG00000010067.1,OTTHUMT00000027818.1,TACSTD2-201,TACSTD2,2351,protein_coding,2174,58,0.9974575,GGACA,0.5344827586206896
ENST00000339083.11,ENSG00000155366.16,OTTHUMG00000011905.6,OTTHUMT00000032903.3,RHOC-202,RHOC,1418,protein_coding,1109,56,0.9716132,GGACT,0.6071428571428571
ENST00000369633.6,ENSG00000155366.16,OTTHUMG00000011905.6,-,RHOC-204,RHOC,1295,protein_coding,1007,31,0.9552558,GGACT,0.6451612903225806
ENST00000392653.2,ENSG00000241794.1,OTTHUMG00000014395.1,OTTHUMT00000040049.1,SPRR2A-201,SPRR2A,709,protein_coding,509,95,0.9956552,AGACT,0.8210526315789474
ENST00000295702.8,ENSG00000163479.13,OTTHUMG00000017456.3,OTTHUMT00000046172.2,SSR2-201,SSR2,1116,protein_coding,959,39,0.9885665,AGACT,0.7435897435897436
ENST00000295702.8,ENSG00000163479.13,OTTHUMG00000017456.3,OTTHUMT00000046172.2,SSR2-201,SSR2,1116,protein_coding,1032,38,0.9990924,GGACT,0.8947368421052632
ENST00000264144.4,ENSG00000058085.14,OTTHUMG00000035520.3,OTTHUMT00000086258.1,LAMC2-201,LAMC2,5147,protein_coding,3906,86,0.9669331,AGACT,0.6976744186046512
ENST00000356082.8,ENSG00000196878.14,OTTHUMG00000036360.4,OTTHUMT00000088525.2,LAMB3-201,LAMB3,4055,protein_coding,3581,66,0.945195,GGACT,0.6666666666666666
ENST00000356082.8,ENSG00000196878.14,OTTHUMG00000036360.4,OTTHUMT00000088525.2,LAMB3-201,LAMB3,4055,protein_coding,3837,87,0.94523114,GGACA,0.6436781609195402
ENST00000391911.5,ENSG00000196878.14,OTTHUMG00000036360.4,-,LAMB3-203,LAMB3,4305,protein_coding,3836,56,0.9225581,GGACT,0.625
ENST00000367030.7,ENSG00000196878.14,OTTHUMG00000036360.4,OTTHUMT00000088726.1,LAMB3-202,LAMB3,3931,protein_coding,3564,21,0.9355773,GGACT,0.5714285714285714
ENST00000254351.8,ENSG00000115884.10,OTTHUMG00000090751.4,OTTHUMT00000207495.1,SDC1-201,SDC1,3147,protein_coding,1938,34,0.97681063,GGACT,0.8235294117647058
ENST00000254351.8,ENSG00000115884.10,OTTHUMG00000090751.4,OTTHUMT00000207495.1,SDC1-201,SDC1,3147,protein_coding,2113,38,0.95357215,GGACT,0.5789473684210527
ENST00000254351.8,ENSG00000115884.10,OTTHUMG00000090751.4,OTTHUMT00000207495.1,SDC1-201,SDC1,3147,protein_coding,2135,33,0.99024045,GGACT,0.7575757575757576
ENST00000254351.8,ENSG00000115884.10,OTTHUMG00000090751.4,OTTHUMT00000207495.1,SDC1-201,SDC1,3147,protein_coding,2506,33,0.97081774,GGACT,0.7272727272727273
ENST00000254351.8,ENSG00000115884.10,OTTHUMG00000090751.4,OTTHUMT00000207495.1,SDC1-201,SDC1,3147,protein_coding,2814,41,0.9771476,GGACA,0.6585365853658537
ENST00000254351.8,ENSG00000115884.10,OTTHUMG00000090751.4,OTTHUMT00000207495.1,SDC1-201,SDC1,3147,protein_coding,3024,68,0.9960063,TGACT,0.7941176470588235
ENST00000381150.5,ENSG00000115884.10,OTTHUMG00000090751.4,-,SDC1-202,SDC1,3291,protein_coding,2259,24,0.93139666,GGACT,0.5416666666666666
ENST00000381150.5,ENSG00000115884.10,OTTHUMG00000090751.4,-,SDC1-202,SDC1,3291,protein_coding,2281,20,0.9583319,GGACT,0.9
ENST00000460218.5,ENSG00000143933.16,OTTHUMG00000128850.8,OTTHUMT00000258141.1,CALM2-205,CALM2,4502,retained_intron,3754,21,0.94254744,GAACT,0.47619047619047616
ENST00000303577.6,ENSG00000169564.6,OTTHUMG00000129645.1,OTTHUMT00000251844.1,PCBP1-201,PCBP1,1750,protein_coding,1155,20,0.9558175,TAACT,0.65
ENST00000263864.9,ENSG00000118640.10,OTTHUMG00000130180.4,OTTHUMT00000252498.3,VAMP8-201,VAMP8,774,protein_coding,659,25,0.976895,GGACT,0.92
ENST00000409760.1,ENSG00000118640.10,OTTHUMG00000130180.4,OTTHUMT00000329449.1,VAMP8-202,VAMP8,805,protein_coding,690,30,0.9613186,GGACT,0.7333333333333333
ENST00000409569.2,ENSG00000172965.14,OTTHUMG00000150313.9,OTTHUMT00000317532.1,MIR4435-2HG-203,MIR4435-2HG,514,lincRNA,370,33,0.9630043,GGACT,0.8181818181818182
ENST00000263341.6,ENSG00000125538.11,OTTHUMG00000131344.3,OTTHUMT00000254125.2,IL1B-201,IL1B,1631,protein_coding,1058,34,0.9378172,GGACT,0.6470588235294118
ENST00000263341.6,ENSG00000125538.11,OTTHUMG00000131344.3,OTTHUMT00000254125.2,IL1B-201,IL1B,1631,protein_coding,1120,20,0.9603466,GGACT,0.75
ENST00000322723.8,ENSG00000115053.15,OTTHUMG00000153866.3,OTTHUMT00000332731.1,NCL-201,NCL,4034,protein_coding,2415,21,0.94404423,GGACT,0.5238095238095238
ENST00000607357.1,ENSG00000172428.10,OTTHUMG00000133352.4,OTTHUMT00000470698.1,COPS9-205,COPS9,418,protein_coding,330,75,0.9683307,AGACT,0.5866666666666667
ENST00000443003.2,ENSG00000168028.13,OTTHUMG00000131296.5,OTTHUMT00000343655.1,RPSA-202,RPSA,1032,protein_coding,955,42,0.9172846,TGACT,0.7142857142857143
ENST00000296129.5,ENSG00000163814.7,OTTHUMG00000133090.3,OTTHUMT00000256748.3,CDCP1-201,CDCP1,6006,protein_coding,5544,22,0.97493696,GGACT,0.8636363636363636
ENST00000296129.5,ENSG00000163814.7,OTTHUMG00000133090.3,OTTHUMT00000256748.3,CDCP1-201,CDCP1,6006,protein_coding,5651,25,0.9488389,AGACT,0.52
ENST00000294189.10,ENSG00000162244.10,OTTHUMG00000155262.4,OTTHUMT00000349676.2,RPL29-201,RPL29,723,protein_coding,602,62,0.9234783,GGACT,0.6129032258064516
ENST00000466397.5,ENSG00000162244.10,OTTHUMG00000155262.4,OTTHUMT00000349680.2,RPL29-202,RPL29,742,protein_coding,649,49,0.95157975,GGACT,0.5510204081632653
ENST00000480306.5,ENSG00000162244.10,OTTHUMG00000155262.4,OTTHUMT00000349679.1,RPL29-205,RPL29,719,nonsense_mediated_decay,626,182,0.9127458,GGACT,0.5494505494505495
ENST00000295633.7,ENSG00000163430.11,OTTHUMG00000159440.2,OTTHUMT00000355399.1,FSTL1-201,FSTL1,5943,protein_coding,3702,28,0.93507946,GGACT,0.6785714285714286
ENST00000310118.8,ENSG00000175166.16,OTTHUMG00000156796.4,OTTHUMT00000345843.1,PSMD2-201,PSMD2,3449,protein_coding,3305,55,0.9167509,GAACT,0.5818181818181818
ENST00000500728.2,ENSG00000163956.10,OTTHUMG00000090299.4,OTTHUMT00000206659.4,LRPAP1-202,LRPAP1,7819,protein_coding,1435,20,0.9377907,TGACT,0.65
ENST00000382333.1,ENSG00000137440.4,OTTHUMG00000097745.1,OTTHUMT00000214974.1,FGFBP1-201,FGFBP1,1359,protein_coding,986,33,0.98630935,GGACA,0.6363636363636364
ENST00000382333.1,ENSG00000137440.4,OTTHUMG00000097745.1,OTTHUMT00000214974.1,FGFBP1-201,FGFBP1,1359,protein_coding,1301,38,0.9496604,GAACT,0.6052631578947368
ENST00000508595.5,ENSG00000163682.15,OTTHUMG00000099367.3,OTTHUMT00000361023.1,RPL9-208,RPL9,667,protein_coding,120,24,0.9355958,GAACT,0.5416666666666666
ENST00000395761.3,ENSG00000163739.4,OTTHUMG00000160866.1,OTTHUMT00000362734.1,CXCL1-201,CXCL1,1097,protein_coding,186,24,0.9518058,GAACT,0.6666666666666666
ENST00000361564.8,ENSG00000198856.12,OTTHUMG00000161031.2,OTTHUMT00000363485.1,OSTC-201,OSTC,1077,protein_coding,678,21,0.91047984,GGACT,0.6666666666666666
ENST00000481195.5,ENSG00000113575.9,OTTHUMG00000129119.5,OTTHUMT00000251165.1,PPP2CA-203,PPP2CA,4649,protein_coding,1575,20,0.9352938,TGACT,0.55
ENST00000442011.6,ENSG00000120708.16,OTTHUMG00000163213.4,OTTHUMT00000372108.1,TGFBI-201,TGFBI,2804,protein_coding,2280,22,0.9721569,AGACT,0.7727272727272727
ENST00000519374.5,ENSG00000113732.8,OTTHUMG00000130518.3,OTTHUMT00000252935.2,ATP6V0E1-203,ATP6V0E1,1433,protein_coding,574,61,0.9305773,GAACT,0.5081967213114754
ENST00000519374.5,ENSG00000113732.8,OTTHUMG00000130518.3,OTTHUMT00000252935.2,ATP6V0E1-203,ATP6V0E1,1433,protein_coding,740,64,0.92207,AGACT,0.53125
ENST00000332598.6,ENSG00000184840.11,OTTHUMG00000130859.2,OTTHUMT00000253433.1,TMED9-201,TMED9,1473,protein_coding,843,35,0.9825314,GGACT,0.6285714285714286
ENST00000512805.5,ENSG00000204628.11,OTTHUMG00000163380.14,OTTHUMT00000372943.2,RACK1-227,RACK1,1403,protein_coding,1215,110,0.9331953,GAACT,0.6363636363636364
ENST00000376377.2,ENSG00000137331.11,OTTHUMG00000031265.2,OTTHUMT00000076579.2,IER3-202,IER3,1350,protein_coding,618,22,0.9551713,TGACT,0.8636363636363636
ENST00000376377.2,ENSG00000137331.11,OTTHUMG00000031265.2,OTTHUMT00000076579.2,IER3-202,IER3,1350,protein_coding,704,22,0.993594,GGACT,0.8636363636363636
ENST00000376377.2,ENSG00000137331.11,OTTHUMG00000031265.2,OTTHUMT00000076579.2,IER3-202,IER3,1350,protein_coding,722,30,0.93672895,GAACT,0.7
ENST00000376377.2,ENSG00000137331.11,OTTHUMG00000031265.2,OTTHUMT00000076579.2,IER3-202,IER3,1350,protein_coding,1013,34,0.9612376,GGACT,0.6176470588235294
ENST00000259874.5,ENSG00000137331.11,OTTHUMG00000031265.2,OTTHUMT00000076578.2,IER3-201,IER3,1244,protein_coding,512,22,0.9434043,TGACT,0.6818181818181818
ENST00000259874.5,ENSG00000137331.11,OTTHUMG00000031265.2,OTTHUMT00000076578.2,IER3-201,IER3,1244,protein_coding,616,23,0.9284071,GAACT,0.5217391304347826
ENST00000259874.5,ENSG00000137331.11,OTTHUMG00000031265.2,OTTHUMT00000076578.2,IER3-201,IER3,1244,protein_coding,907,24,0.92357904,GGACT,0.5833333333333334
ENST00000375784.7,ENSG00000213719.8,OTTHUMG00000031103.3,OTTHUMT00000076166.2,CLIC1-208,CLIC1,1254,protein_coding,1070,26,0.9560029,GGACA,0.7692307692307693
ENST00000395892.5,ENSG00000213719.8,OTTHUMG00000031103.3,OTTHUMT00000076172.2,CLIC1-209,CLIC1,1197,protein_coding,948,26,0.9460451,GGACT,0.5
ENST00000372014.4,ENSG00000180992.6,OTTHUMG00000014756.2,OTTHUMT00000040707.2,MRPL14-201,MRPL14,959,protein_coding,480,21,0.94157505,GGACA,0.5238095238095238
ENST00000372014.4,ENSG00000180992.6,OTTHUMG00000014756.2,OTTHUMT00000040707.2,MRPL14-201,MRPL14,959,protein_coding,596,21,0.98961866,GGACT,0.7142857142857143
ENST00000490569.5,ENSG00000156508.17,OTTHUMG00000015031.6,OTTHUMT00000128717.1,EEF1A1-207,EEF1A1,1802,retained_intron,1570,37,0.9420701,GAACT,0.5405405405405406
ENST00000490569.5,ENSG00000156508.17,OTTHUMG00000015031.6,OTTHUMT00000128717.1,EEF1A1-207,EEF1A1,1802,retained_intron,1611,36,0.96616125,AGACT,0.6111111111111112
ENST00000309268.10,ENSG00000156508.17,OTTHUMG00000015031.6,OTTHUMT00000128718.1,EEF1A1-201,EEF1A1,2303,protein_coding,2067,209,0.90015334,GAACT,0.6220095693779905
ENST00000309268.10,ENSG00000156508.17,OTTHUMG00000015031.6,OTTHUMT00000128718.1,EEF1A1-201,EEF1A1,2303,protein_coding,2108,206,0.9477498,AGACT,0.49029126213592233
ENST00000331523.6,ENSG00000156508.17,OTTHUMG00000015031.6,OTTHUMT00000128713.2,EEF1A1-203,EEF1A1,1923,protein_coding,1693,41,0.9448379,GAACT,0.5609756097560976
ENST00000331523.6,ENSG00000156508.17,OTTHUMG00000015031.6,OTTHUMT00000128713.2,EEF1A1-203,EEF1A1,1923,protein_coding,1734,36,0.94973516,AGACT,0.5
ENST00000421351.3,ENSG00000112378.11,OTTHUMG00000015668.2,OTTHUMT00000042423.2,PERP-201,PERP,4290,protein_coding,795,28,0.9281171,GGACT,0.5714285714285714
ENST00000367569.3,ENSG00000169976.6,OTTHUMG00000015737.1,OTTHUMT00000042537.1,SF3B5-201,SF3B5,693,protein_coding,338,38,0.9768559,AGACT,0.6052631578947368
ENST00000367569.3,ENSG00000169976.6,OTTHUMG00000015737.1,OTTHUMT00000042537.1,SF3B5-201,SF3B5,693,protein_coding,511,36,0.93047893,GGACC,0.5
ENST00000367569.3,ENSG00000169976.6,OTTHUMG00000015737.1,OTTHUMT00000042537.1,SF3B5-201,SF3B5,693,protein_coding,542,43,0.93464786,GGACT,0.627906977
ENST00000464611.1,ENSG00000075624.13,OTTHUMG00000023268.7,OTTHUMT00000324086.1,ACTB-208,ACTB,715,processed_transcript,332,57,0.9042166,GGACT,0.5087719298245614
ENST00000331789.9,ENSG00000075624.13,OTTHUMG00000023268.7,OTTHUMT00000059589.4,ACTB-201,ACTB,1917,protein_coding,652,111,0.9474942,GGACT,0.6846846846846847
ENST00000331789.9,ENSG00000075624.13,OTTHUMG00000023268.7,OTTHUMT00000059589.4,ACTB-201,ACTB,1917,protein_coding,1324,281,0.92178124,GGACT,0.47330960854092524
ENST00000331789.9,ENSG00000075624.13,OTTHUMG00000023268.7,OTTHUMT00000059589.4,ACTB-201,ACTB,1917,protein_coding,1534,530,0.9150702,GGACT,0.5056603773584906
ENST00000425660.5,ENSG00000075624.13,OTTHUMG00000023268.7,OTTHUMT00000324020.1,ACTB-204,ACTB,1845,nonsense_mediated_decay,585,33,0.91498774,GGACT,0.45454545454545453
ENST00000462494.5,ENSG00000075624.13,OTTHUMG00000023268.7,OTTHUMT00000324021.1,ACTB-207,ACTB,2245,retained_intron,985,42,0.9721586,GGACT,0.6904761904761905
ENST00000335693.8,ENSG00000175600.15,OTTHUMG00000155094.6,OTTHUMT00000338388.1,SUGCT-201,SUGCT,1645,protein_coding,1428,40,0.9810993,GGACC,0.625
ENST00000297290.3,ENSG00000164713.9,OTTHUMG00000154275.4,OTTHUMT00000334674.1,BRI3-201,BRI3,780,protein_coding,589,48,0.9546901,GGACT,0.625
ENST00000292475.7,ENSG00000241468.7,OTTHUMG00000154609.6,OTTHUMT00000336263.1,ATP5J2-201,ATP5J2,607,protein_coding,600,21,0.9498779,TGACT,0.6666666666666666
ENST00000223095.4,ENSG00000106366.8,OTTHUMG00000157107.2,OTTHUMT00000347458.1,SERPINE1-201,SERPINE1,3190,protein_coding,1454,29,0.9346782,TGACT,0.6551724137931034
ENST00000614113.4,ENSG00000105974.11,OTTHUMG00000023413.8,-,CAV1-209,CAV1,3201,protein_coding,2789,26,0.92324257,GAACT,0.4230769230769231
ENST00000286091.8,ENSG00000155660.10,OTTHUMG00000150248.2,OTTHUMT00000317077.1,PDIA4-201,PDIA4,2903,protein_coding,2347,23,0.99875003,TGACT,0.8695652173913043
ENST00000353047.10,ENSG00000164733.20,OTTHUMG00000090799.9,OTTHUMT00000207586.3,CTSB-202,CTSB,3875,protein_coding,1379,38,0.98836005,GGACT,0.7631578947368421
ENST00000420692.6,ENSG00000164733.20,OTTHUMG00000090799.9,OTTHUMT00000384190.1,CTSB-203,CTSB,2230,retained_intron,1230,24,0.9811918,GGACT,0.5833333333333334
ENST00000420692.6,ENSG00000164733.20,OTTHUMG00000090799.9,OTTHUMT00000384190.1,CTSB-203,CTSB,2230,retained_intron,1395,31,0.9850003,TGACT,0.6451612903225806
ENST00000453527.6,ENSG00000164733.20,OTTHUMG00000090799.9,OTTHUMT00000383690.1,CTSB-204,CTSB,2011,protein_coding,1311,20,0.97799814,GGACT,0.8
ENST00000453527.6,ENSG00000164733.20,OTTHUMG00000090799.9,OTTHUMT00000383690.1,CTSB-204,CTSB,2011,protein_coding,1476,20,0.93047965,TGACT,0.45
ENST00000345125.7,ENSG00000164733.20,OTTHUMG00000090799.9,OTTHUMT00000383692.1,CTSB-201,CTSB,2028,protein_coding,1513,24,0.9374159,TGACT,0.5416666666666666
ENST00000358227.4,ENSG00000137038.7,OTTHUMG00000019539.1,OTTHUMT00000051705.1,DMAC1-201,DMAC1,2755,protein_coding,757,23,0.91753083,GGACA,0.43478260869565216
ENST00000358227.4,ENSG00000137038.7,OTTHUMG00000019539.1,OTTHUMT00000051705.1,DMAC1-201,DMAC1,2755,protein_coding,775,23,0.9915764,GGACA,0.6956521739130435
ENST00000358227.4,ENSG00000137038.7,OTTHUMG00000019539.1,OTTHUMT00000051705.1,DMAC1-201,DMAC1,2755,protein_coding,804,25,0.95426834,AGACT,0.52
ENST00000379731.4,ENSG00000086062.12,OTTHUMG00000019764.1,OTTHUMT00000052039.1,B4GALT1-201,B4GALT1,4201,protein_coding,3890,60,0.9382018,GAACT,0.6333333333333333
ENST00000379731.4,ENSG00000086062.12,OTTHUMG00000019764.1,OTTHUMT00000052039.1,B4GALT1-201,B4GALT1,4201,protein_coding,4135,59,0.95120794,GAACT,0.6101694915254238
ENST00000358901.10,ENSG00000165280.15,OTTHUMG00000019855.4,OTTHUMT00000052290.1,VCP-201,VCP,4370,protein_coding,3846,32,0.9127401,GGACA,0.34375
ENST00000257497.10,ENSG00000135046.13,OTTHUMG00000020016.2,OTTHUMT00000052664.1,ANXA1-201,ANXA1,1509,protein_coding,1505,22,0.99579495,AGACA,0.4090909090909091
ENST00000324460.6,ENSG00000044574.7,OTTHUMG00000020672.1,OTTHUMT00000054062.1,HSPA5-201,HSPA5,3908,protein_coding,2207,54,0.9893154,GGACT,0.9629629629629629
ENST00000324460.6,ENSG00000044574.7,OTTHUMG00000020672.1,OTTHUMT00000054062.1,HSPA5-201,HSPA5,3908,protein_coding,2215,71,0.93332607,GAACT,0.5211267605633803
ENST00000324460.6,ENSG00000044574.7,OTTHUMG00000020672.1,OTTHUMT00000054062.1,HSPA5-201,HSPA5,3908,protein_coding,2241,73,0.94758433,GAACT,0.5068493150684932
ENST00000372994.1,ENSG00000171159.4,OTTHUMG00000020731.1,OTTHUMT00000054351.1,C9orf16-201,C9orf16,713,protein_coding,422,48,0.9363043,GGACC,0.4375
ENST00000372764.3,ENSG00000122861.15,OTTHUMG00000018494.5,OTTHUMT00000048727.1,PLAU-201,PLAU,2321,protein_coding,1652,26,0.99143314,GGACT,0.9615384615384616
ENST00000368984.7,ENSG00000166033.11,OTTHUMG00000019186.2,OTTHUMT00000128327.1,HTRA1-201,HTRA1,2120,protein_coding,1944,21,0.9115963,GGACT,0.5714285714285714
ENST00000422447.7,ENSG00000134333.13,OTTHUMG00000167721.3,OTTHUMT00000258172.2,LDHA-205,LDHA,2416,protein_coding,1388,25,0.96349144,GGACT,0.72
ENST00000379412.9,ENSG00000134333.13,OTTHUMG00000167721.3,OTTHUMT00000258176.2,LDHA-203,LDHA,1922,protein_coding,1472,20,0.9062538,GGACT,0.65
ENST00000395850.7,ENSG00000085063.14,OTTHUMG00000166270.3,OTTHUMT00000388809.1,CD59-202,CD59,1889,protein_coding,388,32,0.93734944,GGACA,0.375
ENST00000308831.6,ENSG00000173156.6,OTTHUMG00000167102.4,OTTHUMT00000393136.2,RHOD-201,RHOD,1129,protein_coding,873,61,0.99917203,GGACT,0.9672131147540983
ENST00000527446.5,ENSG00000149273.14,OTTHUMG00000165448.3,OTTHUMT00000384161.1,RPS3-209,RPS3,1306,protein_coding,224,23,0.9094206,TGACT,0.4782608695652174
ENST00000280258.5,ENSG00000150687.11,OTTHUMG00000167226.3,OTTHUMT00000393805.2,PRSS23-201,PRSS23,4015,protein_coding,1177,22,0.9774059,GAACT,0.6363636363636364
ENST00000280258.5,ENSG00000150687.11,OTTHUMG00000167226.3,OTTHUMT00000393805.2,PRSS23-201,PRSS23,4015,protein_coding,1332,29,0.9620986,TGACT,0.5862068965517241
ENST00000264036.5,ENSG00000076706.16,OTTHUMG00000166197.6,OTTHUMT00000388332.3,MCAM-201,MCAM,3313,protein_coding,2539,24,0.92324555,GAACT,0.6666666666666666
ENST00000423828.5,ENSG00000139644.12,OTTHUMG00000169652.8,-,TMBIM6-203,TMBIM6,3254,protein_coding,2850,44,0.90734416,GAACT,0.45454545454545453
ENST00000330722.6,ENSG00000205420.10,OTTHUMG00000169597.2,OTTHUMT00000404978.2,KRT6A-201,KRT6A,2310,protein_coding,917,116,0.9121321,GAACT,0.5603448275862069
ENST00000546500.5,ENSG00000135486.17,OTTHUMG00000169702.4,OTTHUMT00000405474.2,HNRNPA1-203,HNRNPA1,4121,protein_coding,1745,34,0.92943364,GGACT,0.5294117647058824
ENST00000549098.5,ENSG00000089157.15,OTTHUMG00000169317.9,OTTHUMT00000403469.1,RPLP0-214,RPLP0,1106,nonsense_mediated_decay,613,33,0.9102551,GAACA,0.48484848484848486
ENST00000392509.6,ENSG00000088986.10,OTTHUMG00000169368.4,OTTHUMT00000403709.1,DYNLL1-203,DYNLL1,814,protein_coding,539,20,0.92541945,GGACT,0.75
ENST00000392509.6,ENSG00000088986.10,OTTHUMG00000169368.4,OTTHUMT00000403709.1,DYNLL1-203,DYNLL1,814,protein_coding,605,21,0.95309544,AGACT,0.5714285714285714
ENST00000242577.10,ENSG00000088986.10,OTTHUMG00000169368.4,OTTHUMT00000403714.2,DYNLL1-201,DYNLL1,720,protein_coding,445,81,0.9746788,GGACT,0.7160493827160493
ENST00000538617.5,ENSG00000150991.14,OTTHUMG00000044421.5,OTTHUMT00000400179.1,UBC-206,UBC,1303,protein_coding,1025,22,0.9287197,TGACT,0.5909090909090909
ENST00000392369.6,ENSG00000132341.11,OTTHUMG00000134328.8,OTTHUMT00000259443.3,RAN-202,RAN,1530,protein_coding,1423,26,0.98699725,AGACT,0.46153846153846156
ENST00000382848.4,ENSG00000165474.5,OTTHUMG00000016513.1,OTTHUMT00000044063.1,GJB2-202,GJB2,2250,protein_coding,1188,22,0.9754955,GGACA,0.5909090909090909
ENST00000382844.1,ENSG00000165474.5,OTTHUMG00000016513.1,OTTHUMT00000044064.1,GJB2-201,GJB2,2309,protein_coding,1249,20,0.9377538,GGACA,0.45
ENST00000309594.4,ENSG00000173141.4,OTTHUMG00000016532.2,OTTHUMT00000044105.2,MRPL57-201,MRPL57,2246,protein_coding,458,22,0.9619462,AAACT,0.6363636363636364
ENST00000530705.5,ENSG00000133112.16,OTTHUMG00000016845.7,OTTHUMT00000044758.4,TPT1-212,TPT1,4735,protein_coding,911,367,0.91405374,GGACT,0.5722070844686649
ENST00000530705.5,ENSG00000133112.16,OTTHUMG00000016845.7,OTTHUMT00000044758.4,TPT1-212,TPT1,4735,protein_coding,1159,59,0.9822739,GGACT,0.7796610169491526
ENST00000530705.5,ENSG00000133112.16,OTTHUMG00000016845.7,OTTHUMT00000044758.4,TPT1-212,TPT1,4735,protein_coding,1321,47,0.933442,AGACT,0.6170212765957447
ENST00000529421.5,ENSG00000133112.16,OTTHUMG00000016845.7,OTTHUMT00000388141.1,TPT1-210,TPT1,801,processed_transcript,559,75,0.90761983,GGACT,0.5733333333333334
ENST00000379060.8,ENSG00000133112.16,OTTHUMG00000016845.7,OTTHUMT00000388144.2,TPT1-204,TPT1,764,protein_coding,667,30,0.91057587,GGACT,0.6
ENST00000361611.10,ENSG00000100804.18,OTTHUMG00000028713.5,OTTHUMT00000071695.5,PSMB5-202,PSMB5,1294,protein_coding,1112,50,0.9769745,GGACA,0.7
ENST00000216446.8,ENSG00000100558.8,OTTHUMG00000171247.3,OTTHUMT00000412547.2,PLEK2-201,PLEK2,1549,protein_coding,1282,25,0.9139036,AGACT,0.64
ENST00000328848.5,ENSG00000182117.5,OTTHUMG00000129440.3,OTTHUMT00000251602.3,NOP10-201,NOP10,554,protein_coding,368,48,0.98727703,GGACT,0.8125
ENST00000300026.3,ENSG00000166794.4,OTTHUMG00000133018.2,OTTHUMT00000256604.1,PPIB-201,PPIB,1081,protein_coding,1005,61,0.98991525,GGACT,0.8032786885245902
ENST00000335181.9,ENSG00000067225.17,OTTHUMG00000172709.5,OTTHUMT00000420056.1,PKM-202,PKM,2318,protein_coding,1779,29,0.93684024,GAACT,0.5172413793103449
ENST00000328649.10,ENSG00000185043.10,OTTHUMG00000149808.1,OTTHUMT00000313419.1,CIB1-201,CIB1,1247,protein_coding,559,30,0.9175724,GAACT,0.5666666666666667
ENST00000533186.5,ENSG00000140988.15,OTTHUMG00000128708.5,OTTHUMT00000387764.2,RPS2-214,RPS2,625,protein_coding,367,20,0.97705615,TGACT,0.35
ENST00000343262.8,ENSG00000140988.15,OTTHUMG00000128708.5,OTTHUMT00000250613.2,RPS2-201,RPS2,985,protein_coding,718,269,0.92668307,TGACT,0.3271375464684015
ENST00000532746.5,ENSG00000140988.15,OTTHUMG00000128708.5,OTTHUMT00000387765.1,RPS2-212,RPS2,931,nonsense_mediated_decay,673,34,0.9568073,TGACT,0.35294117647058826
ENST00000245185.5,ENSG00000125148.6,OTTHUMG00000133281.2,OTTHUMT00000257061.1,MT2A-201,MT2A,786,protein_coding,650,568,0.95626336,GGACA,0.602112676
ENST00000567300.1,ENSG00000125148.6,OTTHUMG00000133281.2,OTTHUMT00000434302.1,MT2A-205,MT2A,416,processed_transcript,280,30,0.9445594,GGACA,0.6666666666666666
ENST00000264012.8,ENSG00000062038.13,OTTHUMG00000137560.7,OTTHUMT00000268896.3,CDH3-201,CDH3,4929,protein_coding,3347,22,0.9885546,TGACT,0.7727272727272727
ENST00000264012.8,ENSG00000062038.13,OTTHUMG00000137560.7,OTTHUMT00000268896.3,CDH3-201,CDH3,4929,protein_coding,3362,24,0.9500391,GGACT,0.8333333333333334
ENST00000565644.5,ENSG00000103257.8,OTTHUMG00000137658.3,OTTHUMT00000431869.1,SLC7A5-203,SLC7A5,3983,protein_coding,3518,27,0.9603729,GGACT,0.6296296296296297
ENST00000261622.4,ENSG00000103257.8,OTTHUMG00000137658.3,OTTHUMT00000269110.2,SLC7A5-201,SLC7A5,4537,protein_coding,4072,26,0.95200646,GGACT,0.6538461538461539
ENST00000315491.11,ENSG00000258947.6,OTTHUMG00000138985.3,OTTHUMT00000272874.1,TUBB3-201,TUBB3,1769,protein_coding,793,25,0.9377292,GGACC,0.44
ENST00000225698.8,ENSG00000108561.8,OTTHUMG00000177875.3,OTTHUMT00000439388.1,C1QBP-201,C1QBP,1169,protein_coding,564,25,0.95984775,GAACT,0.64
ENST00000548577.5,ENSG00000219200.11,OTTHUMG00000170145.4,OTTHUMT00000407651.1,RNASEK-202,RNASEK,810,protein_coding,665,30,0.93812054,GGACT,0.6666666666666666
ENST00000548577.5,ENSG00000219200.11,OTTHUMG00000170145.4,OTTHUMT00000407651.1,RNASEK-202,RNASEK,810,protein_coding,686,35,0.9286383,AGACT,0.5428571428571428
ENST00000549775.5,ENSG00000161939.19,OTTHUMG00000170146.6,OTTHUMT00000407659.1,RNASEK-C17orf49-203,RNASEK-C17orf49,1856,retained_intron,447,23,0.95095503,GGACT,0.6521739130434783
ENST00000549775.5,ENSG00000161939.19,OTTHUMG00000170146.6,OTTHUMT00000407659.1,RNASEK-C17orf49-203,RNASEK-C17orf49,1856,retained_intron,468,29,0.9493664,AGACT,0.6206896551724138
ENST00000422514.6,ENSG00000198242.13,OTTHUMG00000132684.5,OTTHUMT00000255975.1,RPL23A-204,RPL23A,1562,protein_coding,1327,20,0.98158056,GAACT,0.55
ENST00000328434.7,ENSG00000183978.7,OTTHUMG00000180651.1,OTTHUMT00000452397.1,COA3-201,COA3,771,protein_coding,558,21,0.98824245,TGACT,0.6190476190476191
ENST00000506437.1,ENSG00000005884.17,OTTHUMG00000161890.6,OTTHUMT00000366303.1,ITGA3-208,ITGA3,3055,retained_intron,2436,24,0.98201644,GGACC,0.4583333333333333
ENST00000506437.1,ENSG00000005884.17,OTTHUMG00000161890.6,OTTHUMT00000366303.1,ITGA3-208,ITGA3,3055,retained_intron,2610,39,0.92463386,GGACA,0.5128205128205128
ENST00000304834.11,ENSG00000189159.15,OTTHUMG00000154521.3,OTTHUMT00000335694.2,JPT1-201,JPT1,1633,nonsense_mediated_decay,889,43,0.91736877,GAACT,0.627906977
ENST00000262776.7,ENSG00000108679.12,OTTHUMG00000177572.7,OTTHUMT00000437785.3,LGALS3BP-201,LGALS3BP,2405,protein_coding,2062,20,0.9821397,GGACT,0.85
ENST00000573283.5,ENSG00000184009.9,OTTHUMG00000177955.6,OTTHUMT00000439922.2,ACTG1-206,ACTG1,2002,protein_coding,1304,28,0.9978728,GGACT,0.7857142857142857
ENST00000331925.6,ENSG00000184009.9,OTTHUMG00000177955.6,OTTHUMT00000439911.1,ACTG1-201,ACTG1,1994,protein_coding,607,62,0.99996644,GGACT,0.9354838709677419
ENST00000331925.6,ENSG00000184009.9,OTTHUMG00000177955.6,OTTHUMT00000439911.1,ACTG1-201,ACTG1,1994,protein_coding,1279,216,0.9970091,GGACT,0.8425925925925926
ENST00000331483.8,ENSG00000185624.14,OTTHUMG00000150269.7,OTTHUMT00000317250.3,P4HB-201,P4HB,2603,protein_coding,2207,60,0.99390304,GGACT,0.8833333333333333
ENST00000575069.5,ENSG00000185624.14,OTTHUMG00000150269.7,OTTHUMT00000439695.1,P4HB-220,P4HB,2453,nonsense_mediated_decay,2059,42,0.9888054,GGACT,0.8809523809523809
ENST00000415593.5,ENSG00000185624.14,OTTHUMG00000150269.7,OTTHUMT00000317251.1,P4HB-202,P4HB,1669,protein_coding,1280,33,0.992216,GGACT,0.9090909090909091
ENST00000269321.11,ENSG00000141522.11,OTTHUMG00000178352.3,OTTHUMT00000441679.2,ARHGDIA-201,ARHGDIA,1906,protein_coding,1595,57,0.9656931,GGACA,0.5263157894736842
ENST00000317702.9,ENSG00000176014.12,OTTHUMG00000131692.3,OTTHUMT00000254600.2,TUBB6-201,TUBB6,2064,protein_coding,1738,40,0.9574176,AGACT,0.725
ENST00000317702.9,ENSG00000176014.12,OTTHUMG00000131692.3,OTTHUMT00000254600.2,TUBB6-201,TUBB6,2064,protein_coding,1809,39,0.9570133,GGACT,0.6410256410256411
ENST00000317702.9,ENSG00000176014.12,OTTHUMG00000131692.3,OTTHUMT00000254600.2,TUBB6-201,TUBB6,2064,protein_coding,1821,43,0.9527157,GAACT,0.627906977
ENST00000317702.9,ENSG00000176014.12,OTTHUMG00000131692.3,OTTHUMT00000254600.2,TUBB6-201,TUBB6,2064,protein_coding,1968,29,0.95005673,GGACT,0.6551724137931034
ENST00000313654.13,ENSG00000053747.15,OTTHUMG00000131874.9,OTTHUMT00000254824.4,LAMA3-202,LAMA3,10661,protein_coding,10008,23,0.9187561,GAACT,0.6086956521739131
ENST00000313654.13,ENSG00000053747.15,OTTHUMG00000131874.9,OTTHUMT00000254824.4,LAMA3-202,LAMA3,10661,protein_coding,10337,44,0.9598321,GGACA,0.3181818181818182
ENST00000382771.8,ENSG00000206075.13,OTTHUMG00000141307.5,OTTHUMT00000280629.1,SERPINB5-201,SERPINB5,2783,protein_coding,2777,24,0.9057293,GAACT,0.5833333333333334
ENST00000545507.6,ENSG00000172270.18,OTTHUMG00000177718.16,OTTHUMT00000438628.8,BSG-204,BSG,1795,protein_coding,1540,21,0.9650561,GGACT,0.6666666666666666
ENST00000346916.8,ENSG00000172270.18,OTTHUMG00000177718.16,OTTHUMT00000438629.4,BSG-202,BSG,1605,protein_coding,1350,24,0.9817896,GGACT,0.6666666666666666
ENST00000353555.8,ENSG00000172270.18,OTTHUMG00000177718.16,OTTHUMT00000438633.1,BSG-203,BSG,1616,protein_coding,1361,46,0.98409593,GGACT,0.6521739130434783
ENST00000215570.7,ENSG00000099800.7,OTTHUMG00000180432.2,OTTHUMT00000451333.1,TIMM13-201,TIMM13,1973,protein_coding,953,34,0.96648884,GGACT,0.7647058823529411
ENST00000309311.6,ENSG00000167658.15,OTTHUMG00000181790.2,OTTHUMT00000457615.2,EEF2-201,EEF2,3164,protein_coding,2751,110,0.91918164,AGACT,0.5181818181818182
ENST00000309311.6,ENSG00000167658.15,OTTHUMG00000181790.2,OTTHUMT00000457615.2,EEF2-201,EEF2,3164,protein_coding,2891,137,0.93699044,GGACT,0.6934306569343066
ENST00000262947.7,ENSG00000074842.7,OTTHUMG00000182039.1,OTTHUMT00000458937.1,MYDGF-201,MYDGF,1018,protein_coding,657,26,0.9810837,GGACT,0.8846153846153846
ENST00000301455.6,ENSG00000167772.11,OTTHUMG00000182273.5,OTTHUMT00000460322.1,ANGPTL4-201,ANGPTL4,1879,protein_coding,1608,38,0.9880444,AGACT,0.8157894736842105
ENST00000301455.6,ENSG00000167772.11,OTTHUMG00000182273.5,OTTHUMT00000460322.1,ANGPTL4-201,ANGPTL4,1879,protein_coding,1623,39,0.91706896,GGACC,0.6666666666666666
ENST00000301455.6,ENSG00000167772.11,OTTHUMG00000182273.5,OTTHUMT00000460322.1,ANGPTL4-201,ANGPTL4,1879,protein_coding,1669,44,0.9887804,GGACT,0.75
ENST00000301455.6,ENSG00000167772.11,OTTHUMG00000182273.5,OTTHUMT00000460322.1,ANGPTL4-201,ANGPTL4,1879,protein_coding,1715,36,0.9848579,GGACT,0.6666666666666666
ENST00000316448.9,ENSG00000179218.13,OTTHUMG00000180574.2,OTTHUMT00000451952.1,CALR-201,CALR,1903,protein_coding,1349,59,0.97088593,GGACT,0.7288135593220338
ENST00000588234.5,ENSG00000104979.8,OTTHUMG00000180914.1,OTTHUMT00000453621.1,C19orf53-202,C19orf53,873,protein_coding,734,22,0.95950556,GAACT,0.5909090909090909
ENST00000252603.6,ENSG00000130313.6,OTTHUMG00000182879.2,OTTHUMT00000464154.1,PGLS-201,PGLS,1028,protein_coding,635,22,0.9674775,GAACT,0.8181818181818182
ENST00000304863.5,ENSG00000169021.5,OTTHUMG00000181997.2,OTTHUMT00000458563.2,UQCRFS1-201,UQCRFS1,3475,protein_coding,1257,26,0.97641134,GGACT,0.8461538461538461
ENST00000246533.7,ENSG00000126247.10,OTTHUMG00000160811.9,OTTHUMT00000457411.2,CAPNS1-201,CAPNS1,1918,protein_coding,1405,22,0.9554103,GAACT,0.5909090909090909
ENST00000301244.11,ENSG00000167642.12,OTTHUMG00000181891.3,OTTHUMT00000458151.2,SPINT2-201,SPINT2,1802,protein_coding,1213,35,0.92805594,GGACT,0.5142857142857142
ENST00000342669.7,ENSG00000125743.10,OTTHUMG00000182130.2,OTTHUMT00000459648.1,SNRPD2-201,SNRPD2,901,protein_coding,824,35,0.91974056,GAACT,0.45714285714285713
ENST00000588301.5,ENSG00000125743.10,OTTHUMG00000182130.2,OTTHUMT00000459653.1,SNRPD2-206,SNRPD2,702,protein_coding,477,23,0.906586,GGACT,0.5652173913043478
ENST00000263270.10,ENSG00000042753.11,OTTHUMG00000183437.2,OTTHUMT00000466643.1,AP2S1-201,AP2S1,935,protein_coding,525,34,0.9900963,GAACT,0.7352941176470589
ENST00000621674.4,ENSG00000142541.16,OTTHUMG00000134289.4,-,RPL13A-213,RPL13A,1098,protein_coding,623,26,0.9412775,AGACT,0.5384615384615384
ENST00000398409.1,ENSG00000101439.8,OTTHUMG00000032080.3,OTTHUMT00000256832.1,CST3-202,CST3,832,protein_coding,646,49,0.9345336,GGACT,0.6122448979591837
ENST00000374980.2,ENSG00000125977.6,OTTHUMG00000032287.2,OTTHUMT00000078765.2,EIF2S2-201,EIF2S2,2656,protein_coding,1271,27,0.9466246,GGACA,0.48148148148148145
ENST00000342192.8,ENSG00000185651.14,OTTHUMG00000150823.2,OTTHUMT00000320219.2,UBE2L3-201,UBE2L3,3028,protein_coding,737,30,0.962118,GGACT,0.7333333333333333
ENST00000330029.6,ENSG00000184076.13,OTTHUMG00000151283.2,OTTHUMT00000322081.1,UQCR10-201,UQCR10,916,protein_coding,374,53,0.90857077,AGACT,0.6415094339622641
ENST00000249071.10,ENSG00000128340.14,OTTHUMG00000150540.2,OTTHUMT00000318812.1,RAC2-201,RAC2,1482,protein_coding,1327,60,0.99011755,AGACT,0.8666666666666667
ENST00000249071.10,ENSG00000128340.14,OTTHUMG00000150540.2,OTTHUMT00000318812.1,RAC2-201,RAC2,1482,protein_coding,1405,52,0.9762756,GGACT,0.7307692307692307
ENST00000451311.6,ENSG00000205542.10,OTTHUMG00000021144.3,OTTHUMT00000055780.1,TMSB4X-204,TMSB4X,628,protein_coding,326,435,0.9532801,TGACT,0.4666666666666667
ENST00000380636.1,ENSG00000205542.10,OTTHUMG00000021144.3,OTTHUMT00000055781.1,TMSB4X-203,TMSB4X,1702,protein_coding,1401,199,0.92940027,TGACT,0.4020100502512563
ENST00000257013.8,ENSG00000134590.13,OTTHUMG00000022465.3,OTTHUMT00000058391.2,RTL8C-201,RTL8C,1181,protein_coding,352,22,0.9782524,GGACT,0.7727272727272727
ENST00000257013.8,ENSG00000134590.13,OTTHUMG00000022465.3,OTTHUMT00000058391.2,RTL8C-201,RTL8C,1181,protein_coding,827,33,0.99856186,GGACT,0.9696969696969697
ENST00000257013.8,ENSG00000134590.13,OTTHUMG00000022465.3,OTTHUMT00000058391.2,RTL8C-201,RTL8C,1181,protein_coding,866,34,0.9369109,GGACA,0.6176470588235294
ENST00000257013.8,ENSG00000134590.13,OTTHUMG00000022465.3,OTTHUMT00000058391.2,RTL8C-201,RTL8C,1181,protein_coding,1014,24,0.9430321,GGACC,0.5
